,true,dynamix,parrot
Aizawa,2.196500331997922,2.1370507849290465,2.2303438320487015
AnishchenkoAstakhov,2.1239999623577868,1.6358528841382065,2.14849073302351
Arneodo,2.2144972869708983,1.7179502315561048,2.1408258778602045
ArnoldBeltramiChildress,2.3597832236738174,1.5598284020436535,2.3467313534364256
ArnoldWeb,2.8041987662981285,1.041223511538607,2.756339092917817
AtmosphericRegime,1.7037433646889328,2.304343601199066,1.9056442970215175
BeerRNN,1.9406640517875833,1.9459712218290088,1.9650553078204482
BelousovZhabotinsky,1.9790123030537965,2.0220429560528457,1.6733527534391222
BickleyJet,2.431118026453966,1.809044122084901,2.3832822364921924
Blasius,1.9323046403588826,1.8251266311145493,2.000616520402356
BlinkingRotlet,2.38777820553877,2.2103566321580566,2.3503978314986926
BlinkingVortex,2.506979394727699,1.8611550637454695,2.485032738232029
Bouali,2.2058445350398843,2.1487302921222073,2.2499134068349567
Bouali2,1.9413563104458926,1.7509746597131675,1.7149496932584731
BurkeShaw,2.242779647707816,2.1621373480300137,2.5110336205908386
CaTwoPlus,1.8148424279832711,1.6526863729660564,2.2006620992168755
CaTwoPlusQuasiperiodic,2.095782456646835,1.9006592688967061,2.315748173648243
CellCycle,1.5996020942380653,1.0446818857072904,1.672267409205
CellularNeuralNetwork,1.9358585838659974,1.712640380453812,2.146088071817638
Chen,2.1893606591996333,1.8630247071004438,2.506707169060777
ChenLee,1.7272518573282043,1.661404750036903,1.8328009817725068
Chua,2.1495688199486658,1.9836538292481092,2.357590079076353
CircadianRhythm,2.3499140345746863,3.1556197018375944,2.363679393596974
CoevolvingPredatorPrey,1.9566412256780636,1.476671524900211,1.9557835629638283
Colpitts,2.0988254481977977,1.7345723942934215,2.116038125912426
Dadras,2.053700333941815,2.0315874090387327,2.089331758642257
DequanLi,2.141297709289088,2.0880207168343388,2.2924837561252573
DoubleGyre,2.4377848372436617,1.0423898035091859,2.3736198688439973
DoublePendulum,2.8451631418954344,2.789453944237951,2.4544443461124246
Duffing,2.418254274761332,1.9205175721195444,2.260737545579368
ExcitableCell,1.7346972579489108,1.7181808718710352,1.818675678367549
Finance,2.27739163152565,2.037934349610403,2.1278680614048158
FluidTrampoline,2.4651927382337444,2.158573921369054,2.3848002516079045
ForcedBrusselator,2.3180632683752447,2.105249020942103,2.3131919628728905
ForcedFitzHughNagumo,2.073014274224593,1.7789345531518326,2.3091827826343563
ForcedVanDerPol,1.7795459237778783,1.977405894601971,1.8756529055362197
GenesioTesi,1.923301416134862,2.17087871145575,2.16004325913695
GlycolyticOscillation,1.6746274746441636,1.6418255151173287,1.6856024936585454
GuckenheimerHolmes,2.201101895492282,1.6635829226769394,2.335543646483006
Hadley,2.38473400381758,1.7250100432458284,2.3226602728972985
Halvorsen,2.1949981174278337,2.0841855847606525,2.434625353609497
HastingsPowell,1.907978738836726,1.7961538853480443,2.0766475706746803
HindmarshRose,1.9725266961172383,2.0719613973298046,2.057773067394213
Hopfield,2.0401855653245042,2.8572438872243944,2.791088536282894
HyperBao,2.4636108524732254,2.43437062561126,2.697456628627495
HyperCai,2.5898755831055658,2.517823406098309,2.5668759688065204
HyperJha,2.53443726017987,2.8557318245551597,2.8453349260324745
HyperLorenz,2.5184955791844876,2.8339414908337623,2.398934558098254
HyperLu,2.5258184471050353,2.482921977401654,2.583453190990025
HyperPang,2.5252871402320833,2.9192460972143826,2.519123376075024
HyperQi,2.480259509867201,2.1075102177502822,2.803928728200286
HyperRossler,2.2270712668121364,2.137926451384474,1.9236136049238666
HyperWang,2.607158846934158,2.2117142418155757,2.908845587222853
HyperXu,2.567721678906838,2.479742361656392,2.581753009674218
HyperYan,2.0896492601264196,2.674610738383354,2.0865695845578838
HyperYangChen,2.4655124652638896,2.518489628313369,2.5056430730281765
IkedaDelay,3.6898597488620624,3.3731987533444183,4.4449078090517995
InteriorSquirmer,2.473887032156727,2.3407883578785675,2.5124585321990827
IsothermalChemical,1.6691384872365118,1.637882498333258,1.6742995976135973
ItikBanksTumor,1.6186494358343846,1.6293362639249915,1.6575021621715218
JerkCircuit,1.930893689766136,1.962912423557689,1.9327179103729377
KawczynskiStrizhak,2.0006283296466645,2.2354980494632386,2.0190624452727306
Laser,1.9468262640725034,1.748827676670063,2.1541326327995707
LidDrivenCavityFlow,2.4869012025047317,2.200903026890794,2.408217127389374
LiuChen,1.667009590026896,1.0375505445363766,1.6874484223247994
Lorenz,2.0782534774223205,2.048879333726119,2.070744093088028
Lorenz84,1.8478254293734615,1.7070982469728024,1.860416132595946
Lorenz96,2.3446193835500977,2.854762562788917,2.6946158583279822
LorenzBounded,2.0368310927228697,2.046855077595967,2.0101116506099235
LorenzCoupled,2.4592534871386063,3.1325668208513533,2.397348520315435
LorenzStenflo,2.190581478567633,2.8090060989431764,2.5885260318293666
LuChen,2.0756273845106845,2.06253087104221,2.1551578478823474
LuChenCheng,1.9680161693188643,1.8300510309742282,1.994916746615123
MacArthur,2.702548403879034,4.4069991845649765,3.192253362344128
MackeyGlass,2.0543758924583133,2.321637509019602,2.637171986518202
MooreSpiegel,2.0320391882551325,1.7226209575563551,1.8197429580370925
MultiChua,1.9428722480524874,2.3580867716514464,2.265028961995913
NewtonLiepnik,2.1302149499690333,2.0115674350782893,2.198134613464279
NoseHoover,2.1473257969171975,1.8708085668682601,2.135950897578167
NuclearQuadrupole,2.7093599963060004,2.3983330510456473,2.804855710503217
OscillatingFlow,2.417493375557764,2.3411898282592896,2.463536189980047
PanXuZhou,1.9537036370507828,1.6441054265592903,1.7415136898214565
PehlivanWei,2.274224272939434,2.2623195469886723,2.3308575907614815
PiecewiseCircuit,1.8857708768027863,2.9304089148175274,2.0483263813997636
Qi,2.156578166922635,2.821058623778412,2.839321316844114
QiChen,2.170583346965357,2.1320976082583343,2.229874159396177
RabinovichFabrikant,2.231901002780904,1.7583786810141857,2.5431459436726733
RayleighBenard,2.1420535924834896,2.0445228982658943,2.2354015405369054
RikitakeDynamo,1.9714875319451506,1.6738634262187657,2.2536805908997475
Rossler,2.074074493406113,2.1337149371901507,2.0665327013644483
Rucklidge,2.179224175462849,1.9212420873071872,2.397493303728136
Sakarya,2.213020963937118,2.2145140857362065,2.3988861433947375
SaltonSea,2.064560130285966,1.7947831773842966,2.364373405780102
SanUmSrisuchinwong,2.2586726680954134,2.1225031942166437,2.1400817751783747
ScrollDelay,2.0960702483970772,3.936288306778617,2.106577199923319
ShimizuMorioka,2.0228195399904143,1.7191314010990322,2.310406536954686
SprottA,1.986460137310465,1.7191307706081687,2.0661552178526943
SprottB,2.1448684053038978,1.9406947381522288,2.159440542901084
SprottC,2.1710526845719835,1.7039396337455615,2.070120673640977
SprottD,2.1879425424422445,1.8661978023043782,1.9648222632810661
SprottDelay,1.964860474432474,3.985635192905162,1.7524382833832943
SprottE,1.8580929612811565,1.8513255712838572,2.144880334848646
SprottF,2.0991735605967135,2.1673555011301877,2.1278463775511014
SprottH,2.1910153233812357,1.9933937192030158,2.202717823301975
SprottJ,1.9365692299355128,1.7907925336343236,2.0258511356381574
SprottK,1.918102697876982,1.6811045981156694,1.9254818723790899
SprottL,1.9492859598309171,1.9028972369452264,1.9692707797937314
SprottM,1.9746342743933503,1.9295253328466035,1.9814064373986806
SprottN,1.9269328855904875,1.8271718434717932,1.9040313986708943
SprottP,2.1306725427787963,1.851569029232945,2.1114308704032956
SprottR,1.9600085163630783,1.7009529556755547,1.9391451968190447
SprottS,2.2020706604731486,2.169257647398664,1.6719775029300452
SprottTorus,1.6963990535524598,1.7941831339705439,2.107138143499868
StickSlipOscillator,2.0754203328059706,1.8144286231955182,2.303468592404599
SwingingAtwood,2.276409292445878,1.0383233115687638,2.200969690079285
Thomas,1.751202317609025,1.6576290554477864,1.751052278500935
ThomasLabyrinth,2.558926741875738,2.4439831117009794,2.5572477929230666
Torus,2.4395814912684823,1.872701358405818,2.4697330930496566
Tsucs2,1.7763056239524628,1.6800639897865013,1.8089898175519223
TurchinHanski,2.151135209944406,1.9548090716749944,2.168716506212986
VallisElNino,2.1157340200868266,1.8531900255862166,2.1314315192742765
WangSun,2.079093520731176,1.963054210264728,2.400595467482032
WindmiReduced,1.8258954177517959,1.7221868287283013,2.1324571660477214
YuWang,2.1695779366910326,2.0043849952221713,2.5537692104750205
YuWang2,1.8659078868072445,1.712840743523047,1.8431040480549257
ZhouChen,1.9431519509401833,1.443353376220058,1.7485033444660398
